{
  "train_loss": [
    0.4122426248514992,
    0.0124104828287831,
    0.0016550424696648853,
    0.0010325043092547148,
    0.0007526466583122352,
    0.0005569406197888352
  ],
  "val_f1": [
    1.0,
    1.0,
    1.0,
    1.0,
    1.0,
    1.0
  ],
  "val_roc_auc": [
    1.0,
    1.0,
    1.0,
    1.0,
    1.0,
    1.0
  ]
}