{
  "train_loss": [
    0.483910752626814,
    0.022905998040169538,
    0.00018671486763734317,
    5.7705671558245175e-05,
    0.00011122478931112174,
    0.0001047455804572706
  ],
  "val_f1": [
    1.0,
    1.0,
    1.0,
    1.0,
    1.0,
    1.0
  ],
  "val_roc_auc": [
    1.0,
    1.0,
    1.0,
    1.0,
    1.0,
    1.0
  ]
}