{
  "precision": 0.9999751460171492,
  "recall": 0.9885321523559149,
  "f1": 0.9942207244635405,
  "false_alarm_rate": 0.0010354646647683149,
  "false_positives": 4,
  "true_negatives": 3859,
  "roc_auc": 0.9984190167442761,
  "inference_ms": 0.6553449993953109,
  "train_time_s": 430.96449050004594
}