{
  "precision": 0.9988508501865064,
  "recall": 0.9983968354391504,
  "f1": 0.9986237912094663,
  "false_alarm_rate": 0.04840797307791871,
  "false_positives": 187,
  "true_negatives": 3676,
  "roc_auc": 0.9995828992402893,
  "inference_ms": 46.08974100090563,
  "train_time_s": 71.83703760011122
}